"STATION","DATE","EMXP"
"USC00027390","1950-01","3.6"
"USC00027390","1950-02","7.6"
"USC00027390","1950-03","0.8"
"USC00027390","1950-04","1.5"
"USC00027390","1950-05","0.0"
"USC00027390","1950-06","7.6"
"USC00027390","1950-07","17.8"
"USC00027390","1950-08","0.0"
"USC00027390","1950-09","8.6"
"USC00027390","1950-10","0.3"
"USC00027390","1950-11","0.0"
"USC00027390","1950-12","0.0"
"USC00027390","1951-01","7.4"
"USC00027390","1951-02","3.8"
"USC00027390","1951-03","24.6"
"USC00027390","1951-04","10.4"
"USC00027390","1951-05","0.3"
"USC00027390","1951-06","0.0"
"USC00027390","1951-07","9.1"
"USC00027390","1951-08","21.3"
"USC00027390","1951-09","6.6"
"USC00027390","1951-10","16.0"
"USC00027390","1951-11","4.1"
"USC00027390","1951-12","7.9"
"USC00027390","1952-01","5.8"
"USC00027390","1952-02","3.0"
"USC00027390","1952-03","11.2"
"USC00027390","1952-04","3.8"
"USC00027390","1952-05","0.3"
"USC00027390","1952-06","19.8"
"USC00027390","1952-07","16.5"
"USC00027390","1952-08","16.3"
"USC00027390","1952-09","3.6"
"USC00027390","1952-10","0.0"
"USC00027390","1952-11","6.4"
"USC00027390","1952-12","5.6"
"USC00027390","1953-01","2.0"
"USC00027390","1953-02","2.0"
"USC00027390","1953-03","18.0"
"USC00027390","1953-04","4.8"
"USC00027390","1953-05","4.3"
"USC00027390","1953-06","3.8"
"USC00027390","1953-07","26.2"
"USC00027390","1953-08","2.3"
"USC00027390","1953-09","0.0"
"USC00027390","1953-10","0.0"
"USC00027390","1953-11","2.5"
"USC00027390","1953-12","5.1"
"USC00027390","1954-01","12.7"
"USC00027390","1954-02","6.4"
"USC00027390","1954-03","17.0"
"USC00027390","1954-04","0.0"
"USC00027390","1954-05","2.8"
"USC00027390","1954-06","1.5"
"USC00027390","1954-07","21.1"
"USC00027390","1954-08","19.1"
"USC00027390","1954-09","29.5"
"USC00027390","1954-10","0.0"
"USC00027390","1954-11","0.0"
"USC00027390","1954-12","2.0"
"USC00027390","1955-01","17.3"
"USC00027390","1955-02","2.8"
"USC00027390","1955-03","1.0"
"USC00027390","1955-04","0.5"
"USC00027390","1955-05","0.0"
"USC00027390","1955-06","5.6"
"USC00027390","1955-07","25.9"
"USC00027390","1955-08","10.2"
"USC00027390","1955-09","0.5"
"USC00027390","1955-10","8.6"
"USC00027390","1955-11","0.0"
"USC00027390","1955-12","7.1"
"USC00027390","1956-01","6.4"
"USC00027390","1956-02","5.8"
"USC00027390","1956-03","0.0"
"USC00027390","1956-04","3.0"
"USC00027390","1956-05","1.0"
"USC00027390","1956-06","0.3"
"USC00027390","1956-07","9.9"
"USC00027390","1956-08","10.2"
"USC00027390","1956-09","0.5"
"USC00027390","1956-10","4.3"
"USC00027390","1956-11","0.0"
"USC00027390","1956-12","9.7"
"USC00027390","1957-01","9.4"
"USC00027390","1957-02","3.6"
"USC00027390","1957-03","16.5"
"USC00027390","1957-04","3.3"
"USC00027390","1957-05","1.8"
"USC00027390","1957-06","6.1"
"USC00027390","1957-07","26.9"
"USC00027390","1957-08","13.2"
"USC00027390","1957-09","0.0"
"USC00027390","1957-10","8.9"
"USC00027390","1957-11","7.9"
"USC00027390","1957-12","5.6"
"USC00027390","1958-01","1.8"
"USC00027390","1958-02","16.8"
"USC00027390","1958-03","15.2"
"USC00027390","1958-04","10.9"
"USC00027390","1958-05","0.5"
"USC00027390","1958-06","8.4"
"USC00027390","1958-07","18.5"
"USC00027390","1958-08","4.3"
"USC00027390","1958-09","12.7"
"USC00027390","1958-10","8.1"
"USC00027390","1958-11","7.1"
"USC00027390","1958-12","0.8"
"USC00027390","1959-01","0.5"
"USC00027390","1959-02","5.8"
"USC00027390","1959-03","0.0"
"USC00027390","1959-04","1.8"
"USC00027390","1959-05","0.0"
"USC00027390","1959-06","4.3"
"USC00027390","1959-07","18.0"
"USC00027390","1959-08","21.6"
"USC00027390","1959-09","0.0"
"USC00027390","1959-10","14.0"
"USC00027390","1959-11","6.4"
"USC00027390","1959-12","6.4"
"USC00027390","1960-01","6.9"
"USC00027390","1960-02","16.5"
"USC00027390","1960-03","2.3"
"USC00027390","1960-04","0.0"
"USC00027390","1960-05","5.6"
"USC00027390","1960-06","0.5"
"USC00027390","1960-07","22.4"
"USC00027390","1960-08","4.1"
"USC00027390","1960-09","3.8"
"USC00027390","1960-10","10.9"
"USC00027390","1960-11","0.3"
"USC00027390","1960-12","9.7"
"USC00027390","1961-01","15.7"
"USC00027390","1961-02","0.8"
"USC00027390","1961-03","2.5"
"USC00027390","1961-04","0.0"
"USC00027390","1961-05","0.0"
"USC00027390","1961-06","3.0"
"USC00027390","1961-07","11.7"
"USC00027390","1961-08","13.7"
"USC00027390","1961-09","17.5"
"USC00027390","1961-10","20.3"
"USC00027390","1961-11","16.5"
"USC00027390","1961-12","8.6"
"USC00027390","1962-01","19.8"
"USC00027390","1962-02","0.5"
"USC00027390","1962-03","7.9"
"USC00027390","1962-04","0.0"
"USC00027390","1962-05","0.0"
"USC00027390","1962-06","6.4"
"USC00027390","1962-07","17.5"
"USC00027390","1962-08","2.5"
"USC00027390","1962-09","53.3"
"USC00027390","1962-10","16.5"
"USC00027390","1962-11","4.6"
"USC00027390","1962-12","8.1"
"USC00027390","1963-01","4.3"
"USC00027390","1963-02","19.1"
"USC00027390","1963-03","6.9"
"USC00027390","1963-04","1.5"
"USC00027390","1963-05","0.0"
"USC00027390","1963-06","0.0"
"USC00027390","1963-07","15.0"
"USC00027390","1963-08","57.2"
"USC00027390","1963-09","5.6"
"USC00027390","1963-10","13.0"
"USC00027390","1963-11","3.3"
"USC00027390","1963-12","1.5"
"USC00027390","1964-01","3.0"
"USC00027390","1964-02","0.8"
"USC00027390","1964-03","4.1"
"USC00027390","1964-04","11.2"
"USC00027390","1964-05","0.0"
"USC00027390","1964-06","1.5"
"USC00027390","1964-07","11.9"
"USC00027390","1964-08","34.3"
"USC00027390","1964-09","28.7"
"USC00027390","1964-10","4.3"
"USC00027390","1964-11","10.7"
"USC00027390","1964-12","12.7"
"USC00027390","1965-01","29.5"
"USC00027390","1965-02","4.6"
"USC00027390","1965-03","1.5"
"USC00027390","1965-04","1.5"
"USC00027390","1965-05","0.5"
"USC00027390","1965-06","10.2"
"USC00027390","1965-07","34.3"
"USC00027390","1965-08","25.4"
"USC00027390","1965-09","9.1"
"USC00027390","1965-10","0.0"
"USC00027390","1965-11","8.9"
"USC00027390","1965-12","45.2"
"USC00027390","1966-01","7.6"
"USC00027390","1966-02","19.3"
"USC00027390","1966-03","3.0"
"USC00027390","1966-04","0.0"
"USC00027390","1966-05","0.0"
"USC00027390","1966-06","22.1"
"USC00027390","1966-07","44.7"
"USC00027390","1966-08","19.1"
"USC00027390","1966-09","50.0"
"USC00027390","1966-10","0.8"
"USC00027390","1966-11","3.8"
"USC00027390","1966-12","3.3"
"USC00027390","1967-01","2.3"
"USC00027390","1967-02","2.0"
"USC00027390","1967-03","1.8"
"USC00027390","1967-04","2.5"
"USC00027390","1967-05","5.8"
"USC00027390","1967-06","1.5"
"USC00027390","1967-07","17.5"
"USC00027390","1967-08","30.7"
"USC00027390","1967-09","14.0"
"USC00027390","1967-10","6.6"
"USC00027390","1967-11","3.0"
"USC00027390","1967-12","20.3"
"USC00027390","1968-01","7.1"
"USC00027390","1968-02","7.9"
"USC00027390","1968-03","6.1"
"USC00027390","1968-04","1.0"
"USC00027390","1968-05","0.0"
"USC00027390","1968-06","4.1"
"USC00027390","1968-07","26.4"
"USC00027390","1968-08","41.9"
"USC00027390","1968-09","2.0"
"USC00027390","1968-10","4.6"
"USC00027390","1968-11","10.2"
"USC00027390","1968-12","18.5"
"USC00027390","1969-01","2.3"
"USC00027390","1969-02","1.5"
"USC00027390","1969-03","5.8"
"USC00027390","1969-04","0.8"
"USC00027390","1969-05","3.3"
"USC00027390","1969-06","0.0"
"USC00027390","1969-07","26.7"
"USC00027390","1969-08","21.6"
"USC00027390","1969-09","11.4"
"USC00027390","1969-10","18.8"
"USC00027390","1969-11","8.1"
"USC00027390","1969-12","11.2"
"USC00027390","1970-01","0.3"
"USC00027390","1970-02","5.6"
"USC00027390","1970-03","11.7"
"USC00027390","1970-04","3.3"
"USC00027390","1970-05","0.0"
"USC00027390","1970-06","6.1"
"USC00027390","1970-07","13.0"
"USC00027390","1970-08","2.5"
"USC00027390","1970-09","14.0"
"USC00027390","1970-10","26.9"
"USC00027390","1970-11","0.0"
"USC00027390","1970-12","6.1"
"USC00027390","1971-01","2.3"
"USC00027390","1971-02","3.3"
"USC00027390","1971-03","0.0"
"USC00027390","1971-04","2.3"
"USC00027390","1971-05","0.0"
"USC00027390","1971-06","0.0"
"USC00027390","1971-07","7.4"
"USC00027390","1971-08","48.3"
"USC00027390","1971-09","6.1"
"USC00027390","1971-10","19.8"
"USC00027390","1971-11","5.1"
"USC00027390","1971-12","8.9"
"USC00027390","1972-01","1.8"
"USC00027390","1972-02","0.0"
"USC00027390","1972-03","1.0"
"USC00027390","1972-04","0.0"
"USC00027390","1972-05","4.3"
"USC00027390","1972-06","3.6"
"USC00027390","1972-07","15.2"
"USC00027390","1972-08","47.5"
"USC00027390","1972-09","36.1"
"USC00027390","1972-10","19.8"
"USC00027390","1972-11","6.4"
"USC00027390","1972-12","5.3"
"USC00027390","1973-01","3.6"
"USC00027390","1973-02","30.2"
"USC00027390","1973-03","8.1"
"USC00027390","1973-04","0.8"
"USC00027390","1973-05","6.1"
"USC00027390","1973-06","10.2"
"USC00027390","1973-07","18.8"
"USC00027390","1973-08","9.7"
"USC00027390","1973-09","2.0"
"USC00027390","1973-10","0.0"
"USC00027390","1973-11","4.8"
"USC00027390","1973-12","0.0"
"USC00027390","1974-01","6.4"
"USC00027390","1974-02","1.3"
"USC00027390","1974-03","5.1"
"USC00027390","1974-04","1.5"
"USC00027390","1974-05","3.6"
"USC00027390","1974-06","0.0"
"USC00027390","1974-07","18.3"
"USC00027390","1974-08","5.3"
"USC00027390","1974-09","31.0"
"USC00027390","1974-10","14.0"
"USC00027390","1974-11","4.1"
"USC00027390","1974-12","1.5"
"USC00027390","1975-01","3.3"
"USC00027390","1975-02","0.8"
"USC00027390","1975-03","4.6"
"USC00027390","1975-04","2.8"
"USC00027390","1975-05","0.0"
"USC00027390","1975-06","0.0"
"USC00027390","1975-07","11.4"
"USC00027390","1975-08","1.3"
"USC00027390","1975-09","19.3"
"USC00027390","1975-10","7.4"
"USC00027390","1975-11","9.1"
"USC00027390","1975-12","2.8"
"USC00027390","1976-01","2.0"
"USC00027390","1976-02","11.9"
"USC00027390","1976-03","1.0"
"USC00027390","1976-04","6.4"
"USC00027390","1976-05","9.1"
"USC00027390","1976-06","0.0"
"USC00027390","1976-07","12.2"
"USC00027390","1976-08","2.5"
"USC00027390","1976-09","5.8"
"USC00027390","1976-10","9.4"
"USC00027390","1976-11","6.6"
"USC00027390","1976-12","0.8"
"USC00027390","1977-01","12.2"
"USC00027390","1977-02","0.3"
"USC00027390","1977-03","4.3"
"USC00027390","1977-04","4.1"
"USC00027390","1977-05","0.0"
"USC00027390","1977-06","3.8"
"USC00027390","1977-07","22.9"
"USC00027390","1977-08","22.1"
"USC00027390","1977-09","2.8"
"USC00027390","1977-10","16.3"
"USC00027390","1977-11","0.5"
"USC00027390","1977-12","8.1"
"USC00027390","1978-01","11.4"
"USC00027390","1978-02","6.9"
"USC00027390","1978-03","6.6"
"USC00027390","1978-04","0.5"
"USC00027390","1978-05","3.8"
"USC00027390","1978-06","0.8"
"USC00027390","1978-07","8.1"
"USC00027390","1978-08","9.4"
"USC00027390","1978-09","6.9"
"USC00027390","1978-10","26.4"
"USC00027390","1978-11","13.7"
"USC00027390","1978-12","20.6"
"USC00027390","1979-01","36.1"
"USC00027390","1979-02","9.1"
"USC00027390","1979-03","6.6"
"USC00027390","1979-04","5.6"
"USC00027390","1979-05","3.6"
"USC00027390","1979-06","4.3"
"USC00027390","1979-07","16.8"
"USC00027390","1979-08","7.6"
"USC00027390","1979-09","1.8"
"USC00027390","1979-10","2.3"
"USC00027390","1979-11","2.0"
"USC00027390","1979-12","9.4"
"USC00027390","1980-01","4.8"
"USC00027390","1980-02","19.1"
"USC00027390","1980-03","3.6"
"USC00027390","1980-04","1.0"
"USC00027390","1980-05","0.5"
"USC00027390","1980-06","0.0"
"USC00027390","1980-07","18.5"
"USC00027390","1980-08","9.9"
"USC00027390","1980-09","13.7"
"USC00027390","1980-10","4.1"
"USC00027390","1980-11","17.0"
"USC00027390","1980-12","2.3"
"USC00027390","1981-01","7.6"
"USC00027390","1981-02","8.4"
"USC00027390","1981-03","10.9"
"USC00027390","1981-04","1.8"
"USC00027390","1981-05","13.7"
"USC00027390","1981-06","6.6"
"USC00027390","1981-07","7.1"
"USC00027390","1981-08","23.4"
"USC00027390","1981-09","7.6"
"USC00027390","1981-10","3.6"
"USC00027390","1981-11","4.8"
"USC00027390","1981-12","0.0"
"USC00027390","1982-01","12.4"
"USC00027390","1982-02","4.8"
"USC00027390","1982-03","8.6"
"USC00027390","1982-04","0.0"
"USC00027390","1982-05","9.1"
"USC00027390","1982-06","1.3"
"USC00027390","1982-07","41.9"
"USC00027390","1982-08","14.2"
"USC00027390","1982-09","10.9"
"USC00027390","1982-10","0.0"
"USC00027390","1982-11","11.9"
"USC00027390","1982-12","25.7"
"USC00027390","1983-01","13.5"
"USC00027390","1983-02","15.2"
"USC00027390","1983-03","11.2"
"USC00027390","1983-04","0.8"
"USC00027390","1983-05","0.0"
"USC00027390","1983-06","0.8"
"USC00027390","1983-07","44.2"
"USC00027390","1983-08","4.1"
"USC00027390","1983-09","54.1"
"USC00027390","1983-10","63.8"
"USC00027390","1983-11","10.9"
"USC00027390","1983-12","15.2"
"USC00027390","1984-01","12.2"
"USC00027390","1984-02","0.0"
"USC00027390","1984-03","0.0"
"USC00027390","1984-04","12.2"
"USC00027390","1984-05","19.6"
"USC00027390","1984-06","18.8"
"USC00027390","1984-07","23.6"
"USC00027390","1984-08","43.4"
"USC00027390","1984-09","16.0"
"USC00027390","1984-10","7.6"
"USC00027390","1984-11","4.8"
"USC00027390","1984-12","15.0"
"USC00027390","1985-01","8.4"
"USC00027390","1985-02","4.6"
"USC00027390","1985-03","11.7"
"USC00027390","1985-04","14.5"
"USC00027390","1985-05","0.0"
"USC00027390","1985-06","0.5"
"USC00027390","1985-07","18.3"
"USC00027390","1985-08","5.1"
"USC00027390","1985-09","29.2"
"USC00027390","1985-10","36.6"
"USC00027390","1985-11","13.7"
"USC00027390","1985-12","0.3"
"USC00027390","1986-01","1.0"
"USC00027390","1986-02","12.4"
"USC00027390","1986-03","15.2"
"USC00027390","1986-04","4.1"
"USC00027390","1986-05","1.0"
"USC00027390","1986-06","9.7"
"USC00027390","1986-07","13.2"
"USC00027390","1986-08","12.4"
"USC00027390","1986-09","6.6"
"USC00027390","1986-10","13.5"
"USC00027390","1986-11","36.1"
"USC00027390","1986-12","5.3"
"USC00027390","1987-01","4.1"
"USC00027390","1987-02","14.5"
"USC00027390","1987-03","4.8"
"USC00027390","1987-04","4.3"
"USC00027390","1987-05","10.4"
"USC00027390","1987-06","5.6"
"USC00027390","1987-07","17.3"
"USC00027390","1987-08","19.1"
"USC00027390","1987-09","10.4"
"USC00027390","1987-10","3.8"
"USC00027390","1987-11","4.8"
"USC00027390","1987-12","19.1"
"USC00027390","1988-01","6.6"
"USC00027390","1988-02","31.2"
"USC00027390","1988-03","0.0"
"USC00027390","1988-04","13.5"
"USC00027390","1988-05","0.0"
"USC00027390","1988-06","3.8"
"USC00027390","1988-07","4.1"
"USC00027390","1988-08","15.0"
"USC00027390","1988-09","16.3"
"USC00027390","1988-10","26.9"
"USC00027390","1988-11","11.4"
"USC00027390","1988-12","5.1"
"USC00027390","1989-01","9.4"
"USC00027390","1989-02","0.0"
"USC00027390","1989-03","2.0"
"USC00027390","1989-04","0.0"
"USC00027390","1989-05","3.8"
"USC00027390","1989-06","0.0"
"USC00027390","1989-07","14.2"
"USC00027390","1989-08","2.8"
"USC00027390","1989-09","6.9"
"USC00027390","1989-10","29.7"
"USC00027390","1989-11","0.0"
"USC00027390","1989-12","4.6"
"USC00027390","1990-01","3.8"
"USC00027390","1990-02","4.6"
"USC00027390","1990-03","17.3"
"USC00027390","1990-04","2.0"
"USC00027390","1990-05","1.3"
"USC00027390","1990-06","8.6"
"USC00027390","1990-07","22.1"
"USC00027390","1990-08","22.1"
"USC00027390","1990-09","28.4"
"USC00027390","1990-10","10.2"
"USC00027390","1990-11","17.5"
"USC00027390","1990-12","12.2"
"USC00027390","1991-01","7.9"
"USC00027390","1991-02","13.0"
"USC00027390","1991-03","15.7"
"USC00027390","1991-04","0.0"
"USC00027390","1991-05","0.0"
"USC00027390","1991-06","0.5"
"USC00027390","1991-07","18.3"
"USC00027390","1991-08","34.0"
"USC00027390","1991-09","5.8"
"USC00027390","1991-10","4.1"
"USC00027390","1991-11","3.0"
"USC00027390","1991-12","46.5"
"USC00027390","1992-01","11.2"
"USC00027390","1992-02","8.1"
"USC00027390","1992-03","16.5"
"USC00027390","1992-04","9.7"
"USC00027390","1992-05","13.2"
"USC00027390","1992-06","5.8"
"USC00027390","1992-07","14.2"
"USC00027390","1992-08","49.5"
"USC00027390","1992-09","3.3"
"USC00027390","1992-10","1.3"
"USC00027390","1992-11","1.0"
"USC00027390","1992-12","40.6"
"USC00027390","1993-01","28.2"
"USC00027390","1993-02","10.4"
"USC00027390","1993-03","3.0"
"USC00027390","1993-04","0.0"
"USC00027390","1993-05","0.8"
"USC00027390","1993-06","6.6"
"USC00027390","1993-07","9.1"
"USC00027390","1993-08","18.8"
"USC00027390","1993-09","4.8"
"USC00027390","1993-10","18.0"
"USC00027390","1993-11","7.4"
"USC00027390","1993-12","3.0"
"USC00027390","1994-01","2.0"
"USC00027390","1994-02","15.2"
"USC00027390","1994-03","13.0"
"USC00027390","1994-04","3.6"
"USC00027390","1994-05","6.6"
"USC00027390","1994-06","2.8"
"USC00027390","1994-07","8.1"
"USC00027390","1994-08","18.0"
"USC00027390","1994-09","13.2"
"USC00027390","1994-10","11.7"
"USC00027390","1994-11","38.6"
"USC00027390","1994-12","23.1"
"USC00027390","1995-01","11.4"
"USC00027390","1995-02","7.9"
"USC00027390","1995-03","5.6"
"USC00027390","1995-04","0.8"
"USC00027390","1995-05","1.8"
"USC00027390","1995-06","0.3"
"USC00027390","1995-07","1.5"
"USC00027390","1995-08","38.1"
"USC00027390","1995-09","18.3"
"USC00027390","1995-10","0.0"
"USC00027390","1995-11","5.1"
"USC00027390","1995-12","2.0"
"USC00027390","1996-01","0.0"
"USC00027390","1996-02","12.7"
"USC00027390","1996-03","0.0"
"USC00027390","1996-04","2.3"
"USC00027390","1996-05","0.0"
"USC00027390","1996-06","28.4"
"USC00027390","1996-07","6.6"
"USC00027390","1996-08","25.7"
"USC00027390","1996-09","29.7"
"USC00027390","1996-10","20.3"
"USC00027390","1996-11","7.4"
"USC00027390","1996-12","0.0"
"USC00027390","1997-01","11.7"
"USC00027390","1997-02","10.9"
"USC00027390","1997-03","7.1"
"USC00027390","1997-04","0.5"
"USC00027390","1997-05","8.4"
"USC00027390","1997-06","15.2"
"USC00027390","1997-07","14.2"
"USC00027390","1997-08","34.8"
"USC00027390","1997-09","19.8"
"USC00027390","1997-10","7.1"
"USC00027390","1997-11","6.9"
"USC00027390","1997-12","17.3"
"USC00027390","1998-01","1.3"
"USC00027390","1998-02","13.7"
"USC00027390","1998-03","6.4"
"USC00027390","1998-04","2.0"
"USC00027390","1998-05","0.0"
"USC00027390","1998-06","0.0"
"USC00027390","1998-07","12.2"
"USC00027390","1998-08","24.6"
"USC00027390","1998-09","6.6"
"USC00027390","1998-10","6.1"
"USC00027390","1998-11","7.4"
"USC00027390","1998-12","5.1"
"USC00027390","1999-01","0.0"
"USC00027390","1999-02","0.0"
"USC00027390","1999-03","2.8"
"USC00027390","1999-04","21.6"
"USC00027390","1999-05","0.0"
"USC00027390","1999-06","1.0"
"USC00027390","1999-07","17.0"
"USC00027390","1999-08","28.4"
"USC00027390","1999-09","24.4"
"USC00027390","1999-10","0.5"
"USC00027390","1999-11","0.0"
"USC00027390","1999-12","0.0"
"USC00027390","2000-01","3.3"
"USC00027390","2000-02","0.8"
"USC00027390","2000-03","1.3"
"USC00027390","2000-04","0.0"
"USC00027390","2000-05","0.0"
"USC00027390","2000-06","7.9"
"USC00027390","2000-07","9.7"
"USC00027390","2000-08","18.0"
"USC00027390","2000-09","0.8"
"USC00027390","2000-10","38.6"
"USC00027390","2000-11","13.0"
"USC00027390","2000-12","1.5"
"USC00027390","2001-01","6.1"
"USC00027390","2001-02","2.3"
"USC00027390","2001-03","4.8"
"USC00027390","2001-04","23.1"
"USC00027390","2001-05","10.4"
"USC00027390","2001-06","1.0"
"USC00027390","2001-07","4.8"
"USC00027390","2001-08","20.8"
"USC00027390","2001-09","0.3"
"USC00027390","2001-10","2.5"
"USC00027390","2001-11","4.1"
"USC00027390","2001-12","4.6"
"USC00027390","2002-01","1.5"
"USC00027390","2002-02","3.6"
"USC00027390","2002-03","1.8"
"USC00027390","2002-04","0.5"
"USC00027390","2002-05","0.0"
"USC00027390","2002-06","0.3"
"USC00027390","2002-07","18.3"
"USC00027390","2002-08","5.3"
"USC00027390","2002-09","10.4"
"USC00027390","2002-10","15.5"
"USC00027390","2002-11","2.0"
"USC00027390","2002-12","8.4"
"USC00027390","2003-01","0.8"
"USC00027390","2003-02","8.4"
"USC00027390","2003-03","4.1"
"USC00027390","2003-04","2.0"
"USC00027390","2003-05","0.3"
"USC00027390","2003-06","0.0"
"USC00027390","2003-07","12.2"
"USC00027390","2003-08","5.3"
"USC00027390","2003-09","3.3"
"USC00027390","2003-10","9.9"
"USC00027390","2003-11","23.6"
"USC00027390","2003-12","0.8"
"USC00027390","2004-01","8.6"
"USC00027390","2004-02","4.6"
"USC00027390","2004-03","19.1"
"USC00027390","2004-04","11.7"
"USC00027390","2004-05","0.3"
"USC00027390","2004-06","0.0"
"USC00027390","2004-07","20.1"
"USC00027390","2004-08","16.3"
"USC00027390","2004-09","4.8"
"USC00027390","2004-10","9.7"
"USC00027390","2004-11","11.4"
"USC00027390","2004-12","9.4"
"USC00027390","2005-01","12.2"
"USC00027390","2005-02","17.3"
"USC00027390","2005-03","4.8"
"USC00027390","2005-04","13.7"
"USC00027390","2005-05","2.5"
"USC00027390","2005-06","0.0"
"USC00027390","2005-07","9.9"
"USC00027390","2005-08","10.9"
"USC00027390","2005-09","2.8"
"USC00027390","2005-10","17.0"
"USC00027390","2005-11","0.0"
"USC00027390","2005-12","0.5"
"USC00027390","2006-01","4.6"
"USC00027390","2006-02","0.0"
"USC00027390","2006-03","11.7"
"USC00027390","2006-04","0.3"
"USC00027390","2006-05","0.0"
"USC00027390","2006-06","3.8"
"USC00027390","2006-07","20.1"
"USC00027390","2006-08","12.4"
"USC00027390","2006-09","18.5"
"USC00027390","2006-10","26.9"
"USC00027390","2006-12","5.1"
"USC00027390","2007-01","15.7"
"USC00027390","2007-02","9.4"
"USC00027390","2007-03","16.0"
"USC00027390","2007-04","6.1"
"USC00027390","2007-05","0.0"
"USC00027390","2007-06","9.4"
"USC00027390","2007-07","20.6"
"USC00027390","2007-08","26.7"
"USC00027390","2007-09","1.5"
"USC00027390","2007-10","1.0"
"USC00027390","2007-11",
"USC00027390","2007-12","9.1"
"USC00027390","2008-01","6.4"
"USC00027390","2008-02","7.6"
"USC00027390","2008-03","0.0"
"USC00027390","2008-04","0.0"
"USC00027390","2008-05","9.9"
"USC00027390","2008-06","1.3"
"USC00027390","2008-07","19.3"
"USC00027390","2008-08","14.7"
"USC00027390","2008-09","46.7"
"USC00027390","2008-10","4.6"
"USC00027390","2008-11","5.8"
"USC00027390","2008-12","5.1"
"USC00027390","2009-01","5.3"
"USC00027390","2009-02","3.3"
"USC00027390","2009-03","5.3"
"USC00027390","2009-04","0.5"
"USC00027390","2009-05","5.3"
"USC00027390","2009-06","2.3"
"USC00027390","2009-07","4.1"
"USC00027390","2009-08","14.2"
"USC00027390","2009-09","5.1"
"USC00027390","2009-10","2.8"
"USC00027390","2009-11","8.4"
"USC00027390","2009-12","8.1"
"USC00027390","2010-01","23.4"
"USC00027390","2010-02","12.2"
"USC00027390","2010-03","6.4"
"USC00027390","2010-04","1.3"
"USC00027390","2010-05","0.5"
"USC00027390","2010-06","6.4"
"USC00027390","2010-07","20.8"
"USC00027390","2010-08","29.5"
"USC00027390","2010-09","6.4"
"USC00027390","2010-10","5.8"
"USC00027390","2010-11","0.0"
"USC00027390","2010-12","8.4"
"USC00027390","2011-01","0.0"
"USC00027390","2011-02","3.3"
"USC00027390","2011-03","1.0"
"USC00027390","2011-04","0.0"
"USC00027390","2011-05","0.0"
"USC00027390","2011-06","6.1"
"USC00027390","2011-07","4.8"
"USC00027390","2011-08","11.7"
"USC00027390","2011-09","12.2"
"USC00027390","2011-10","1.3"
"USC00027390","2011-11","1.3"
"USC00027390","2011-12","10.7"
"USC00027390","2012-01","3.6"
"USC00027390","2012-02","14.5"
"USC00027390","2012-03","1.8"
"USC00027390","2012-04","2.8"
"USC00027390","2012-05","1.0"
"USC00027390","2012-06","0.0"
"USC00027390","2012-07","25.7"
"USC00027390","2012-08","26.9"
"USC00027390","2012-09","16.0"
"USC00027390","2012-10","0.5"
"USC00027390","2012-11","3.0"
"USC00027390","2012-12","12.4"
"USC00027390","2013-01","4.1"
"USC00027390","2013-02","2.0"
"USC00027390","2013-03","1.5"
"USC00027390","2013-04","1.0"
"USC00027390","2013-05","1.0"
"USC00027390","2013-06","0.0"
"USC00027390","2013-07","22.9"
"USC00027390","2013-08","3.8"
"USC00027390","2013-09","23.6"
"USC00027390","2013-10","0.0"
"USC00027390","2013-11","15.2"
"USC00027390","2013-12","3.6"
"USC00027390","2014-01","0.0"
"USC00027390","2014-02","0.0"
"USC00027390","2014-03","5.3"
"USC00027390","2014-04","0.0"
"USC00027390","2014-05","0.0"
"USC00027390","2014-06","0.0"
"USC00027390","2014-07","15.7"
"USC00027390","2014-08","9.4"
"USC00027390","2014-09","10.4"
"USC00027390","2014-10","35.8"
"USC00027390","2014-11","7.4"
"USC00027390","2014-12","13.0"
"USC00027390","2015-01","34.8"
"USC00027390","2015-02","4.3"
"USC00027390","2015-03","4.3"
"USC00027390","2015-04","6.6"
"USC00027390","2015-05","1.0"
"USC00027390","2015-06","12.4"
"USC00027390","2015-07","6.1"
"USC00027390","2015-08","39.4"
"USC00027390","2015-09","11.4"
"USC00027390","2015-10","6.6"
"USC00027390","2015-11","2.5"
"USC00027390","2015-12","9.1"
"USC00027390","2016-01","13.5"
"USC00027390","2016-02","4.3"
"USC00027390","2016-03","0.0"
"USC00027390","2016-04","14.0"
"USC00027390","2016-05","3.6"
"USC00027390","2016-06","27.2"
"USC00027390","2016-07","13.7"
"USC00027390","2016-08","32.0"
"USC00027390","2016-09","71.1"
"USC00027390","2016-10","52.1"
"USC00027390","2016-11","12.7"
"USC00027390","2016-12","13.5"
"USC00027390","2017-01","12.4"
"USC00027390","2017-02","1.5"
"USC00027390","2017-03","0.0"
"USC00027390","2017-04","0.0"
"USC00027390","2017-05","0.5"
"USC00027390","2017-06","4.3"
"USC00027390","2017-08","6.9"
"USC00027390","2017-09","1.5"
"USC00027390","2017-10","0.0"
"USC00027390","2017-11","0.0"
"USC00027390","2018-01","0.3"
"USC00027390","2018-02","24.1"
"USC00027390","2018-03","0.5"
"USC00027390","2018-04","0.0"
"USC00027390","2018-05","0.0"
"USC00027390","2018-06","4.8"
"USC00027390","2018-07","5.1"
"USC00027390","2018-08","14.2"
"USC00027390","2018-09","35.1"
"USC00027390","2018-10","12.7"
"USC00027390","2018-12","5.1"
"USC00027390","2019-01","5.1"
"USC00027390","2019-02","10.4"
"USC00027390","2019-03","18.3"
"USC00027390","2019-04","5.6"
"USC00027390","2019-06","0.0"
"USC00027390","2019-07","7.6"
"USC00027390","2019-08","8.6"
"USC00027390","2019-10","0.8"
"USC00027390","2019-11","24.1"
"USC00027390","2019-12","26.2"
"USC00027390","2020-01","6.9"
"USC00027390","2020-02","10.9"
"USC00027390","2020-03","13.7"
"USC00027390","2020-04","0.0"
"USC00027390","2020-05","0.0"
"USC00027390","2020-06","0.5"
"USC00027390","2020-08","5.3"
"USC00027390","2020-09","0.0"
"USC00027390","2020-10","0.0"
"USC00027390","2020-11","0.3"
"USC00027390","2020-12","12.4"
"USC00027390","2021-01","4.8"
"USC00027390","2021-02","4.1"
"USC00027390","2021-03","5.6"
"USC00027390","2021-04","0.0"
"USC00027390","2021-05","0.0"
"USC00027390","2021-06",
"USC00027390","2021-07","18.0"
"USC00027390","2021-08","29.5"
"USC00027390","2021-09","23.9"
"USC00027390","2021-11","0.5"
"USC00027390","2021-12","13.0"
"USC00027390","2022-01","5.8"
"USC00027390","2022-02","0.3"
"USC00027390","2022-03","5.1"
"USC00027390","2022-04","0.0"
"USC00027390","2022-05","0.0"
"USC00027390","2022-06","15.2"
"USC00027390","2022-07","21.3"
"USC00027390","2022-08","24.1"
"USC00027390","2022-09","2.8"
"USC00027390","2022-10","8.6"
"USC00027390","2022-11","0.0"
"USC00027390","2022-12","10.7"
"USC00027390","2023-01","6.9"
"USC00027390","2023-02","3.0"
"USC00027390","2023-03","2.8"
